name,description,aliases,examples,source,status,is_active
Navigation Clarity,"The interface makes it easy for users to understand where they are, where they can go next, and how to move through the website or web application without confusion.",navigation| wayfinding| menu clarity| information scent,I could immediately find the settings page from the main menu.  The breadcrumb helped me understand where I was.  I felt lost after clicking into the dashboard.,,,TRUE
Information Architecture,"Content, pages, features, and controls are organized in a way that matches user expectations and supports efficient discovery.",content structure| page organization| site structure| hierarchy,The categories made sense to me.  I expected billing to be under account settings.  Related options were scattered across different pages.,,,TRUE
Label Clarity,"Buttons, links, headings, form fields, and menu items use clear wording that helps users understand what each element does.",wording| microcopy| labels| terminology,The button label told me exactly what would happen.  I did not understand what ‘Manage assets’ meant.  The field names were too technical.,,,TRUE
Learnability,"New users can understand how to use the interface without extensive instruction, training, or trial and error.",easy to learn| first-time use| onboarding| intuitiveness,I understood how to start without reading help text.  It took me a few tries to figure out the workflow.  The onboarding made the feature easy to use.,,,TRUE
Onboarding Guidance,"The product provides useful first-time guidance, explanations, examples, or progressive hints that help users understand key actions.",tutorials| walkthroughs| getting started| guided setup,The setup wizard helped me complete the first task.  The tooltip explained the new feature clearly.  I skipped onboarding and then did not know what to do.,,,TRUE
Visual Hierarchy,"The page uses layout, spacing, typography, contrast, and emphasis to make important information and actions stand out.",layout clarity| emphasis| scannability| priority,The primary action was easy to spot.  Everything looked equally important.  I noticed the warning before submitting.,,,TRUE
Content Readability,"Text content is easy to read, scan, and understand, with appropriate length, structure, tone, and formatting.",readability| text clarity| plain language| scannable content,The instructions were short and easy to follow.  The page had too much dense text.  The help article answered my question quickly.,,,TRUE
Task Efficiency,"Users can complete common tasks quickly with minimal unnecessary steps, repetition, waiting, or context switching.",efficiency| speed| workflow friction| productivity,I completed the booking in just a few clicks.  I had to enter the same information twice.  The shortcut saved me time.,,,TRUE
Workflow Continuity,"The interface supports users through multi-step processes without losing context, progress, or user input.",flow continuity| process flow| task flow| progress preservation,The progress indicator helped me know how many steps were left.  My form data disappeared when I went back.  I could pause and continue later.,,,TRUE
Search and Filtering,"Users can find specific content, records, products, or settings using effective search, filters, sorting, and result refinement.",findability| search| filters| sorting,The filters helped me narrow the results quickly.  Search did not return the item I was looking for.  Sorting by date made the list easier to use.,,,TRUE
Feedback and System Status,"The interface clearly communicates what is happening, what has changed, and whether an action was successful, pending, or failed.",system feedback| status visibility| progress feedback| confirmation,I saw a confirmation after saving.  The loading spinner showed the page was still working.  I clicked submit but nothing seemed to happen.,,,TRUE
Error Prevention,"The design helps users avoid mistakes before they happen through constraints, validation, confirmation, defaults, and clear guidance.",mistake prevention| safeguards| validation| constraints,The form warned me before I entered an invalid date.  The delete confirmation prevented a serious mistake.  I accidentally submitted before finishing.,,,TRUE
Error Recovery,"When something goes wrong, the interface helps users understand the problem and recover without losing progress or becoming stuck.",error handling| recovery| correction| failure support,The error message told me exactly how to fix the issue.  I could retry the upload after it failed.  The error page gave me no way back.,,,TRUE
Form Usability,"Forms are easy to complete because fields, labels, validation, formatting, required inputs, and submission behavior are clear.",forms| input fields| validation| data entry,The form clearly marked required fields.  I did not know the expected phone number format.  The inline validation helped me correct mistakes.,,,TRUE
Input Flexibility,"The system accepts reasonable variations in user input, supports correction, and does not force unnecessarily rigid formats.",flexible input| tolerant input| format forgiveness| correction,The date field accepted both typed and selected dates.  The search worked despite a typo.  I had to reformat the value manually.,,,TRUE
Consistency and Standards,"The interface behaves consistently across pages and follows familiar web conventions, reducing the need to relearn interactions.",consistency| conventions| standards| predictability,The same icon worked the same way everywhere.  The checkout flow matched what I expected.  Similar buttons behaved differently on different pages.,,,TRUE
Memorability,"Returning users can remember how to use the interface after time away because patterns, labels, and workflows are stable and recognizable.",rememberability| return use| recall| familiarity,I came back after a week and still knew where to go.  I forgot how to access the report.  The layout was familiar from my last visit.,,,TRUE
Recognition Over Recall,"The interface reduces memory burden by showing options, context, history, suggestions, and visible cues instead of requiring users to remember details.",memory support| visible options| cues| recognition,Recent searches helped me find the item again.  I had to remember the exact command name.  Suggested values made the form easier to complete.,,,TRUE
Accessibility,"The website or web application can be used by people with diverse abilities, assistive technologies, devices, and interaction needs.",a11y| inclusive design| assistive technology| universal access,The page worked well with keyboard navigation.  The contrast made the text hard to read.  The image buttons were missing accessible labels.,,,TRUE
Keyboard Accessibility,"Users can navigate and operate the interface using only a keyboard, with logical focus order and visible focus indicators.",keyboard support| focus management| tab navigation| non-mouse access,I could tab through the form in order.  The focus indicator was visible.  I got trapped inside the modal.,,,TRUE
Screen Reader Support,"The interface provides meaningful structure, labels, roles, and announcements for users relying on screen readers.",screen readers| ARIA| semantic markup| assistive labels,The screen reader announced the error message.  The button was read as unlabeled.  Headings made the page easy to navigate.,,,TRUE
Color and Contrast,"Text, controls, icons, and states have sufficient contrast and do not rely on color alone to communicate meaning.",contrast| color accessibility| visual legibility| color reliance,The error was shown with both text and color.  The gray text was difficult to read.  I could not tell the selected option by color alone.,,,TRUE
Responsive Design,"The interface adapts effectively across screen sizes, orientations, browsers, and devices without losing usability.",mobile usability| adaptive layout| cross-device| responsive layout,The page worked well on my phone.  The table overflowed on mobile.  The menu was easier to use on desktop than tablet.,,,TRUE
Performance and Responsiveness,"Pages, interactions, searches, uploads, and transitions feel fast enough to support user flow without frustration or uncertainty.",speed| loading time| responsiveness| latency,The dashboard loaded quickly.  The page froze after I clicked save.  The search results took too long to appear.,,,TRUE
Reliability and Stability,"The system behaves dependably without crashes, broken links, missing content, unexpected resets, or inconsistent availability.",stability| dependability| bugs| broken behavior,The page crashed when I uploaded a file.  Links opened the expected pages.  My changes were saved correctly.,,,TRUE
User Control and Freedom,"Users can undo, cancel, go back, edit, exit, or change decisions without being trapped or punished by the interface.",control| undo| cancel| reversibility| freedom,I could cancel the process without losing everything.  There was no way to undo the deletion.  I could edit my answer before submitting.,,,TRUE
Personalization and Preferences,"The system lets users adjust relevant settings, views, notifications, language, display, or workflows to fit their needs.",customization| preferences| settings| user choice,I changed the notification settings easily.  The dashboard let me choose what to see first.  I could not turn off irrelevant alerts.,,,TRUE
Trust and Transparency,"The interface makes system behavior, data usage, pricing, permissions, automation, and consequences clear enough for users to feel confident.",transparency| trust| explainability| disclosure,The app explained why it needed permission.  I understood what would happen after clicking publish.  The pricing information felt hidden.,,,TRUE
Privacy and Security Usability,"Security and privacy controls are understandable, discoverable, and usable without creating unnecessary friction or confusion.",privacy controls| security settings| permissions| account safety,I found the privacy settings quickly.  The permission request was clear.  I was unsure who could see my profile.,,,TRUE
Help and Documentation,"Users can access relevant help, examples, FAQs, support, or contextual assistance when they need it.",help| support| documentation| guidance,The help article matched my problem.  The FAQ was easy to search.  I could not find support from the error page.,,,TRUE
Satisfaction,"The experience feels pleasant, polished, useful, and aligned with user expectations, creating positive emotional response and confidence.",delight| perceived quality| comfort| user satisfaction,The interface felt clean and professional.  I enjoyed using the dashboard.  The experience felt clunky and frustrating.,,,TRUE
Emotional Friction,"The interface causes frustration, anxiety, doubt, annoyance, impatience, or loss of confidence during use.",frustration| anxiety| annoyance| emotional response,I felt nervous before submitting because the consequences were unclear.  The repeated errors were frustrating.  The process made me feel confident.,,,TRUE
Visual Design Quality,"The interface looks coherent, polished, and appropriate for its purpose, supporting comprehension and perceived credibility.",visual polish| aesthetics| UI quality| presentation,The design looked modern and trustworthy.  The inconsistent spacing made the page feel unfinished.  The icons made the interface easier to scan.,,,TRUE
Data Presentation,"Tables, charts, summaries, cards, and visualizations communicate information clearly and support interpretation, comparison, and decision-making.",data clarity| reporting| visualization| summaries,The chart made the trend obvious.  The table had too many columns to scan.  The summary helped me understand the results quickly.,,,TRUE
Empty States,"Screens with no data, no results, or unfinished setup explain the situation and guide users toward a useful next action.",no results| empty screen| blank state| zero state,The empty dashboard told me how to create my first project.  Search returned no results but suggested alternatives.  The page was blank and I did not know why.,,,TRUE
Notifications and Alerts,"Messages, reminders, warnings, and alerts are timely, relevant, understandable, and not overwhelming.",alerts| reminders| messages| interruptions,The warning appeared before the risky action.  I received too many irrelevant notifications.  The alert clearly explained what changed.,,,TRUE
Internationalization and Localization,"The interface supports users across languages, regions, formats, cultural expectations, and local conventions.",localization| language| regional formats| i18n,The date format matched my region.  Some translated labels sounded unnatural.  The currency was shown clearly.,,,TRUE
Account and Authentication Usability,"Signing up, logging in, recovering access, managing sessions, and handling authentication are clear and low-friction while remaining secure.",login| signup| authentication| account access,Password recovery was straightforward.  I was logged out without warning.  The signup form asked for too much too soon.,,,TRUE
Permission and Role Clarity,"Users understand what they can access, what actions they are allowed to take, and why some features are restricted.",roles| permissions| access control| authorization,The app explained why I could not edit the study.  I knew which actions were available to admins.  A disabled button appeared with no explanation.,,,TRUE
Mobile Interaction Usability,"Touch targets, gestures, scrolling, forms, menus, and mobile-specific interactions are comfortable and predictable on phones and tablets.",touch usability| mobile interaction| gestures| tap targets,The buttons were large enough to tap.  The menu was hard to open on mobile.  The swipe gesture was not obvious.,,,TRUE
Content Relevance,"The interface shows information, options, and recommendations that are relevant to the user’s current goal, role, or context.",relevance| contextual content| useful information| prioritization,The dashboard showed the studies I needed first.  I saw options that did not apply to my role.  The recommendations matched what I was trying to do.,,,TRUE
Decision Support,"The interface helps users compare options, understand tradeoffs, and make confident decisions without excessive cognitive effort.",choice support| comparison| decision clarity| guidance,The comparison table helped me choose a plan.  I did not understand which option was best for me.  The summary made the decision easier.,,,TRUE
Cognitive Load,"The interface avoids overwhelming users with too many choices, dense information, unclear steps, or unnecessary mental effort.",mental effort| complexity| overload| cognitive burden,There were too many options on one screen.  The step-by-step flow reduced confusion.  I had to think too hard to understand the page.,,,TRUE
Progressive Disclosure,"The interface reveals advanced or secondary information only when needed, keeping primary workflows simple while preserving access to detail.",advanced options| disclosure| details on demand| simplification,The advanced settings were hidden until I needed them.  The page showed too many technical options upfront.  Expanding the section revealed useful details.,,,TRUE
Affordance and Discoverability,"Interactive elements look interactive, available actions are easy to discover, and users can tell how to operate controls.",discoverability| affordance| interactive cues| action visibility,The card looked clickable.  I did not realize the icon opened a menu.  The drag handle made the interaction obvious.,,,TRUE
State Visibility,"The interface clearly shows selected, active, disabled, expanded, collapsed, saved, unsaved, completed, or pending states.",state clarity| selected state| active state| status indication,The selected filter was obvious.  I could not tell whether the toggle was on or off.  The draft showed an unsaved changes warning.,,,TRUE
Recoverability from Navigation,"Users can move between pages, return to previous states, and recover from accidental navigation without losing work or context.",back behavior| navigation recovery| context preservation| history,The back button returned me to the same filtered list.  I lost my form after opening another page.  The app remembered where I was.,,,TRUE
Accessibility of Dynamic Content,"Changes caused by modals, live updates, validation, filters, or asynchronous loading are communicated accessibly and do not disorient users.",dynamic updates| live regions| modal accessibility| async feedback,The modal focused on the first actionable control.  New results appeared without explanation.  The screen reader announced that the upload was complete.,,,TRUE
Findability of Key Actions,Important actions are located where users expect them and are visually prominent enough to support task completion.,action discoverability| primary actions| CTA visibility| action placement,The save button was exactly where I expected.  I had trouble finding how to export the report.  The main action was hidden under a secondary menu.,,,TRUE
Instructional Clarity,"Task instructions, requirements, constraints, and next steps are stated clearly before users act.",instructions| requirements| task guidance| clarity,The upload requirements were explained before I selected a file.  I did not know what information the field required.  The next step was clearly stated.,,,TRUE
Undo and Confirmation,The interface provides appropriate confirmations for destructive actions and undo options for reversible actions.,undo| confirmation| destructive action| safety net,The undo snackbar let me restore the deleted item.  The app asked me to confirm before deleting.  I deleted the record with one accidental click.,,,TRUE
User Confidence,"The experience gives users confidence that they are doing the right thing, that their data is safe, and that outcomes match expectations.",confidence| reassurance| certainty| perceived control,The preview made me confident before publishing.  I was unsure whether my changes were saved.  The confirmation message reassured me.,,,TRUE