name,description,aliases,examples
Unclear Navigation,"Users have difficulty understanding where they are, where they can go, or how to reach the content or function they need. This issue often appears when menu labels are vague, navigation paths are inconsistent, or important sections are hidden behind unclear categories.",confusing navigation| poor wayfinding| hidden routes| unclear menu,I could not find where to change my account settings.
Poor Information Architecture,"Content, pages, actions, or features are organized in a way that does not match users’ expectations or mental models. Users may understand the interface elements individually but still struggle because the overall structure feels illogical or fragmented.",bad structure| confusing organization| misplaced content| poor grouping,"The refund policy was under Help, but I expected it under Orders."
Ambiguous Labels,"Buttons, links, headings, form fields, or menu items use wording that is too vague, technical, or misleading. Users cannot confidently predict what will happen when they interact with the element.",unclear wording| vague labels| confusing copy| misleading label,I was not sure whether Continue would save my changes or skip the step.
Hidden Primary Action,"The main action users need to complete a task is difficult to notice, visually weak, or placed somewhere unexpected. This reduces task efficiency and may cause users to abandon the flow.",buried CTA| invisible action| hard-to-find button| weak primary action,"I wanted to submit the form, but the button was hidden at the bottom."
Inconsistent Interaction Patterns,"The interface behaves differently across similar pages, components, or workflows. Users must relearn interactions because buttons, menus, icons, gestures, or layouts do not work consistently.",inconsistent UI| unpredictable behavior| pattern mismatch| interaction inconsistency,"Sometimes clicking the card opens details, but other times it selects the item."
Missing Feedback,"The system does not clearly confirm that an action has been received, completed, failed, or is still processing. Users are left uncertain about the state of the system.",no feedback| silent action| missing confirmation| unclear response,"After I clicked Save, nothing happened, so I clicked it again."
Slow System Response,"Pages, actions, searches, uploads, or transitions take longer than expected, interrupting the user's flow and increasing frustration. This is especially problematic when there is no loading state or explanation.",slow performance| lag| delay| long loading,The page took several seconds to update after I applied the filter.
Poor Error Prevention,"The interface allows users to make avoidable mistakes instead of guiding them before the error occurs. This includes weak validation, dangerous defaults, confusing controls, or missing constraints.",avoidable error| weak validation| unsafe default| preventable mistake,I submitted the form before realizing I had selected the wrong date.
Unhelpful Error Message,"An error message appears but does not explain what went wrong, where the issue is, or how the user can fix it. The message may be too generic, technical, or blame the user.",vague error| technical error| unclear failure| bad error copy,"It just said Invalid input, but it did not tell me which field was wrong."
Error Recovery Friction,"After an error occurs, users have difficulty correcting it or returning to a safe state. They may lose entered data, be forced to restart, or receive no path to resolve the problem.",hard recovery| dead end error| lost progress| restart required,"When payment failed, I had to fill in the entire checkout form again."
Excessive Cognitive Load,"The interface presents too much information, too many decisions, or too many competing elements at once. Users must work harder than necessary to understand what matters and what to do next.",mental overload| clutter| too many options| high effort,There were so many settings on the page that I did not know where to start.
Visual Clutter,"The screen is visually overloaded with dense content, decorative elements, excessive borders, competing colors, or poor spacing. This makes scanning and prioritization difficult.",busy layout| cluttered screen| crowded UI| noisy design,The dashboard had so many cards and icons that I could not tell what was important.
Poor Visual Hierarchy,"Important information or actions are not visually emphasized enough, while less important elements receive too much attention. Users struggle to scan the page and identify priority.",weak hierarchy| poor emphasis| unclear priority| flat layout,The delete button was more noticeable than the button to complete the task.
Low Readability,"Text is difficult to read because of small font size, poor contrast, dense paragraphs, awkward line length, or overly complex language. This affects comprehension, speed, and comfort.",hard to read| dense text| poor legibility| text overload,The instructions were written in long paragraphs and I had to reread them.
Poor Accessibility Contrast,"Text, icons, controls, or states do not have enough contrast against their background. Users with low vision, color vision deficiencies, or situational limitations may struggle to perceive content.",low contrast| inaccessible colors| weak visibility| color contrast issue,The gray text on the white background was almost impossible to read.
Keyboard Navigation Issue,"Users cannot efficiently navigate or operate the interface using only a keyboard. Focus order may be illogical, focus indicators may be missing, or important controls may be unreachable.",keyboard trap| poor tab order| missing focus| keyboard inaccessible,I tabbed through the page but could not reach the dropdown menu.
Screen Reader Accessibility Issue,"The interface does not provide meaningful structure, labels, roles, or announcements for assistive technologies. Screen reader users may miss content, misunderstand controls, or lose context.",screen reader issue| missing ARIA| unlabeled control| inaccessible markup,The screen reader announced the button as button but did not say what it did.
Color-Only Communication,"The interface relies only on color to communicate status, priority, selection, warnings, or errors. Users who cannot distinguish the colors may miss important information.",color dependency| color-only status| inaccessible state| no non-color cue,The only difference between available and unavailable dates was the color.
Small Touch Target,"Clickable or tappable elements are too small or too close together, making them difficult to select accurately, especially on mobile or touch devices.",tiny button| hard to tap| small hit area| cramped controls,I kept tapping the wrong icon because the buttons were too close together.
Poor Mobile Responsiveness,"The interface does not adapt well to smaller screens. Content may overflow, controls may become cramped, important actions may disappear, or layouts may require excessive scrolling.",bad mobile layout| responsive issue| mobile friction| broken small screen,"On my phone, the table was cut off and I could not see the action buttons."
Form Complexity,"Forms require too much effort because they contain unnecessary fields, unclear grouping, poor defaults, repeated information, or too many steps. Users may feel the task is longer than it should be.",long form| form friction| excessive fields| tedious input,I had to enter the same address twice during checkout.
Unclear Form Requirements,"Users do not know what information is required, what format is expected, or why certain information is being requested. This often leads to failed submissions or hesitation.",unclear field| missing requirement| format confusion| input ambiguity,"The phone number field failed, but it never showed the required format."
Poor Search Experience,"Search does not help users find relevant content efficiently. Results may be irrelevant, poorly ranked, hard to filter, or empty without useful suggestions.",bad search| irrelevant results| weak filtering| search friction,"I searched for invoice, but the billing page did not appear."
Ineffective Filtering or Sorting,"Filters and sorting controls are difficult to understand, apply, combine, reset, or interpret. Users may not know whether filters are active or why results changed.",filter friction| sorting issue| hidden filters| unclear results,I applied a filter but could not tell if it was active.
Loss of User Input,"The system unexpectedly clears, resets, or loses information the user has entered. This can happen after navigation, errors, refreshes, session timeouts, or validation failures.",lost data| cleared form| lost progress| reset input,"After the page refreshed, everything I typed disappeared."
Unexpected State Change,"The interface changes state, navigates away, refreshes, closes, expands, collapses, or modifies data without the user clearly initiating or expecting it.",surprising behavior| unexpected change| sudden reset| unpredictable state,The page jumped back to the top after I selected one checkbox.
Poor Onboarding,"New users are not given enough guidance to understand the product, complete first-time tasks, or learn key concepts. Guidance may be missing, excessive, poorly timed, or not actionable.",weak onboarding| poor first-time use| lack of guidance| confusing start,I landed on the dashboard but had no idea what to do first.
Poor Learnability,"Users struggle to understand how to use the interface even after exploring it. Controls, flows, terminology, and system behavior do not teach themselves clearly through design.",hard to learn| steep learning curve| confusing first use| unintuitive UI,I had to click around randomly to understand how the feature worked.
Poor Memorability,"Users who return after time away cannot easily remember how to perform tasks. The interface depends too much on recall instead of recognition, or uses inconsistent paths and labels.",hard to remember| recall burden| forgettable workflow| low recognizability,I used this last week but could not remember where the export option was.
Inefficient Workflow,"A task requires more steps, clicks, screens, or manual effort than necessary. Users can complete the task, but the process feels slower or more cumbersome than expected.",too many steps| inefficient flow| excessive clicks| slow workflow,"To update one setting, I had to go through four different screens."
Redundant Actions,"Users are asked to repeat actions, confirmations, entries, selections, or decisions that the system should remember or infer. This creates unnecessary friction and frustration.",repetition| duplicate effort| repeated input| redundant step,"Every time I opened the page, I had to select the same preferences again."
Poor Default Values,"The interface provides defaults that are unhelpful, risky, confusing, or poorly matched to common user needs. Users must correct the system before continuing.",bad defaults| wrong preset| unsafe default| poor preselection,"The form defaulted to public visibility, but I expected private."
Unclear System Status,"Users cannot tell what mode, step, state, selection, progress, or condition the system is currently in. This leads to hesitation and mistakes.",unclear status| missing state| no progress indicator| state confusion,I could not tell whether the document was still a draft or already published.
Missing Progress Indicator,"Users do not know how many steps are involved, where they are in a process, or how much remains. This makes multi-step workflows feel uncertain or longer than they are.",no progress| unclear steps| missing stepper| process uncertainty,"During setup, I had no idea whether I was on step two or step ten."
Confirmation Overload,"The interface asks for confirmation too often or in low-risk situations, interrupting the user’s flow and reducing efficiency. Important confirmations may become easier to ignore.",too many prompts| modal fatigue| unnecessary confirmation| interruptive dialog,"It asked me to confirm every small change, which slowed me down."
Insufficient Confirmation for Destructive Action,"The interface does not clearly warn users before actions that delete, overwrite, cancel, publish, charge, or otherwise cause significant consequences.",dangerous action| weak warning| accidental deletion| destructive action issue,I deleted the project without realizing there would be no undo.
Poor Undo Support,"Users cannot easily reverse actions, recover from mistakes, or restore previous states. This increases anxiety and discourages exploration.",no undo| irreversible action| poor recovery| restore issue,I archived the item by mistake and could not find a way to undo it.
Misleading Affordance,"An element looks interactive when it is not, or does not look interactive when it is. Users misunderstand what can be clicked, dragged, expanded, edited, or selected.",false affordance| unclear clickability| misleading control| hidden interaction,"The heading looked like a button, but clicking it did nothing."
Icon Ambiguity,"Icons are difficult to interpret without labels, tooltips, or context. Users may guess incorrectly or avoid using the control altogether.",unclear icon| confusing symbol| icon-only issue| ambiguous control,"I did not know whether the icon meant share, upload, or send."
Poor Help and Documentation,"Users cannot find useful assistance when they need it, or the available help is too generic, outdated, hidden, or disconnected from the task context.",weak help| poor documentation| missing guidance| unhelpful support,"The help article explained the old interface, not the screen I was using."
Overuse of Jargon,"The interface uses technical, internal, legal, or domain-specific language that users do not understand. This creates barriers to learning and task completion.",technical language| confusing terminology| internal terms| jargon-heavy,I did not know what provisioning a workspace meant.
Poor Personalization Control,"Users cannot easily adjust settings, preferences, notifications, privacy, layout, or other experience parameters that affect their use. Controls may be hidden, limited, or hard to understand.",settings friction| poor preferences| limited control| customization issue,I wanted fewer notifications but could not find the setting.
Intrusive Interruption,"Popups, banners, modals, surveys, ads, or permission prompts interrupt users at the wrong time or block important tasks. This damages satisfaction and task flow.",interruptive modal| annoying popup| intrusive prompt| flow interruption,A newsletter popup covered the form before I could finish reading it.
Trust or Credibility Issue,"The interface makes users doubt whether the service is reliable, safe, current, or legitimate. This can result from inconsistent design, missing details, unclear policies, broken links, or suspicious requests.",low trust| credibility problem| suspicious UI| confidence issue,"The payment page looked different from the rest of the site, so I hesitated."
Privacy Control Confusion,"Users cannot understand or confidently manage what information is shared, visible, stored, tracked, or used. Privacy settings may be hidden, vague, or overly complex.",privacy friction| unclear visibility| data control issue| sharing confusion,I could not tell who would be able to see my profile information.
Notification Overload,"The system sends too many notifications, poorly timed notifications, or notifications that are not useful. Users may ignore important alerts or disable notifications entirely.",too many alerts| notification fatigue| noisy notifications| irrelevant alerts,I received several emails for the same update.
Poor Empty State,"A screen with no content does not explain what happened, what the user can do next, or how to create or find content. Empty states become dead ends instead of useful guidance.",empty screen| dead end| no results guidance| blank state,"The page just said No items, but did not tell me how to add one."
Poor No-Results Handling,"When search or filtering returns no results, the interface does not help users recover. It may fail to suggest alternatives, spelling corrections, filter resets, or broader queries.",no results issue| empty results| search dead end| filter dead end,"After filtering, I got no results and no option to clear all filters."
Content Not Scannable,"Users struggle to quickly identify relevant information because content lacks headings, summaries, bullets, grouping, emphasis, or meaningful ordering.",hard to scan| poor content structure| dense content| weak chunking,I had to read every paragraph to find the delivery date.
Poor Data Display,"Tables, charts, metrics, lists, or cards present data in a way that is hard to compare, interpret, sort, or act on. Important values may lack context, labels, units, or explanation.",confusing data| unclear metrics| poor table| hard comparison,The dashboard showed a score but did not explain whether it was good or bad.
Action Placement Issue,"Controls are placed far from the content they affect, in unexpected locations, or inconsistently across screens. Users may miss actions or apply them to the wrong object.",bad button placement| misplaced action| detached control| action confusion,"I clicked Delete thinking it applied to one item, but it deleted the whole group."
Mode Confusion,"Users do not realize they are in a specific mode such as edit, preview, selection, admin, private, public, draft, or published. Actions may behave differently depending on the mode.",unclear mode| edit confusion| selection mode issue| context confusion,"I thought I was editing the live page, but I was only changing a draft."
Poor Internationalization or Localization,"The interface does not adapt properly to users’ language, region, date format, currency, address format, reading direction, or cultural expectations. This can cause misunderstanding or failed input.",localization issue| region mismatch| format issue| translation problem,The date 06/11 was ambiguous and I was not sure which month it meant.
Broken Link or Dead End,"A link, button, navigation path, or workflow leads to an error, unavailable page, irrelevant destination, or place with no useful next step. This blocks progress and damages trust.",dead link| broken path| navigation dead end| missing destination,The Help link opened a 404 page.
Session Timeout Friction,"The user is logged out or loses access unexpectedly, especially during a task. The interface does not warn them, preserve work, or help them resume smoothly.",timeout issue| unexpected logout| expired session| session loss,I was logged out while writing the form and lost everything.
Permission or Access Confusion,"Users cannot understand why they can or cannot access something, what permission is needed, or how to request access. The system may block users without explanation.",access issue| permission confusion| blocked action| role confusion,"The button was disabled, but it did not say what permission I needed."
Poor Satisfaction or Emotional Friction,"The interface technically works but creates irritation, anxiety, boredom, distrust, or lack of confidence. This may result from tone, pacing, visual design, interruptions, unclear progress, or repeated small frustrations.",frustrating experience| low satisfaction| emotional friction| unpleasant UX,"I completed the task, but the process felt annoying and stressful."
Feature Discoverability Issue,"A useful feature exists but users do not notice it, understand that it is available, or know when to use it. The feature may be hidden in menus, poorly labeled, or weakly introduced.",hidden feature| low discoverability| hard to find| feature invisibility,I did not realize there was a bulk edit option until someone showed me.
Poor Comparison Support,"Users cannot easily compare products, plans, options, results, or settings because relevant information is scattered, incomplete, or presented inconsistently.",hard comparison| comparison friction| option confusion| decision support issue,I had to open each plan in a separate tab to compare the features.
Decision Paralysis,The interface presents too many similar options or insufficient guidance for choosing between them. Users delay or avoid action because the decision feels unclear.,too many choices| choice overload| unclear decision| option overload,There were five subscription options and I could not tell which one I needed.