participant_external_id,participant_display_name,participant_email,sentiment_self_report,issue_encountered,content,created_at
P001,Alice,,POSITIVE,false,"I really enjoyed the onboarding experience. The flow was intuitive and I felt guided at every step, which made it easy to understand how to use the app. The visuals were clean and the instructions were clear, so I didn’t feel overwhelmed. Overall, it gave me a strong first impression and made me want to continue exploring the features.",2025-03-01T10:15:00Z
P002,Bob,,NEGATIVE,true,"I couldn't find the settings page and got frustrated. I spent several minutes clicking through different menus, expecting it to be somewhere obvious, but it wasn’t. The navigation felt inconsistent and I wasn’t sure if I was missing something or if it was poorly designed. Eventually I gave up and closed the app, which was disappointing.",2025-03-02T14:30:00Z
,Pablo,pablo@example.com,NEUTRAL,false,"It works fine, nothing special. I was able to complete my task without too much trouble, but nothing really stood out to me as particularly good or bad. The interface is straightforward, though a bit plain, and I didn’t encounter any major issues. It feels functional but lacks any elements that would make it memorable.",2025-03-03T09:00:00Z
P004,Clara,,VERY_POSITIVE,false,"The experience today was excellent. I was able to complete everything I needed quickly and without confusion. The layout makes a lot of sense and the responses from the system were fast. I especially appreciated how the app remembered my previous inputs, which saved time. It feels polished and reliable, and I would definitely recommend it.",2025-03-04T11:20:00Z
P005,Daniel,,NEGATIVE,true,"I encountered several issues while trying to complete a simple task. The buttons did not respond consistently, and at one point the page froze completely. I had to refresh and start over, which was frustrating. Even after that, I wasn’t confident that my actions were being saved correctly. It made the whole experience feel unreliable.",2025-03-05T16:45:00Z
,Priya,priya@example.com,POSITIVE,false,"Overall, I had a pleasant experience using the app today. The process was smooth and I didn’t run into any blockers. I liked how the information was presented clearly and how easy it was to move between sections. It feels like the design has been thought through carefully, and I didn’t feel lost at any point.",2025-03-06T08:10:00Z
P007,Liam,,NEUTRAL,true,"The app mostly worked as expected, but I did run into a small issue when trying to submit my input. It didn’t go through the first time, and I had to try again. Aside from that, everything else was okay. It’s usable, but these small glitches make it feel less reliable than it could be.",2025-03-07T13:55:00Z
P008,Sofia,,VERY_NEGATIVE,true,"This was a frustrating experience from start to finish. I struggled to understand what I was supposed to do, and the instructions were not clear at all. The interface felt cluttered and confusing, and I kept making mistakes because of it. Eventually I stopped trying because it felt like too much effort for something that should be simple.",2025-03-08T18:25:00Z
P009,Noah,,POSITIVE,false,"I liked how easy it was to navigate through the app. Everything was where I expected it to be, and I didn’t have to think too much about what to do next. The feedback from the system was helpful and made me feel confident in my actions. It’s a solid experience that gets the job done well.",2025-03-09T12:40:00Z
,Lucia,lucia@example.com,NEUTRAL,false,"The experience was average overall. I didn’t encounter any major issues, but I also didn’t find anything particularly impressive. It feels like a standard application that works as intended. I was able to complete my task, but I wouldn’t say it stood out compared to other tools I’ve used.",2025-03-10T15:05:00Z