framework_name,framework_description,framework_type,framework_source,framework_version,framework_is_active,criterion_code,criterion_name,criterion_description,criterion_aliases,criterion_examples,criterion_recommendation_guidance,criterion_evaluation_questions,criterion_is_active
ISO 9241-11 Usability Framework,"Usability framework based on ISO 9241-11:2018, focusing on the extent to which specified users can achieve specified goals with effectiveness, efficiency, and satisfaction in a specified context of use. Entries are original paraphrases for UX analysis and recommendation mapping, not reproduced ISO text.",ISO,ISO - https://www.iso.org/standard/63500.html | AENORmas - https://plataforma.aenormas.aenor.com/pdf/UNE/N0060329,ISO 9241-11:2018 / UNE-EN ISO 9241-11:2018; confirmed by ISO in 2023,TRUE,ISO11-01,Effectiveness,Assesses whether users can complete intended tasks and achieve their goals accurately and completely.,effectiveness|task completion|goal achievement|accuracy|completeness|successful completion,A diary participant reports that they could not finish submitting an entry because required steps were unclear or blocked.,"Clarify the path to completion, remove blocking ambiguity, improve validation, and make successful task completion explicit.",Can the user complete the intended task?|Are task outcomes accurate and complete?|Where do users fail or abandon the task?,TRUE
ISO 9241-11 Usability Framework,"Usability framework based on ISO 9241-11:2018, focusing on the extent to which specified users can achieve specified goals with effectiveness, efficiency, and satisfaction in a specified context of use. Entries are original paraphrases for UX analysis and recommendation mapping, not reproduced ISO text.",ISO,ISO - https://www.iso.org/standard/63500.html | AENORmas - https://plataforma.aenormas.aenor.com/pdf/UNE/N0060329,ISO 9241-11:2018 / UNE-EN ISO 9241-11:2018; confirmed by ISO in 2023,TRUE,ISO11-02,Efficiency,"Assesses the resources users must spend to achieve their goals, such as time, effort, steps, attention, or repeated actions.",efficiency|time on task|effort|steps|workflow speed|friction|resource use,"A participant says they eventually completed the task, but it took too many screens and repeated inputs.","Reduce unnecessary steps, prefill known information, streamline flows, and make frequent actions faster.",How much effort is required to complete the task?|Are there avoidable steps or repeated actions?|Can the same result be achieved with fewer resources?,TRUE
ISO 9241-11 Usability Framework,"Usability framework based on ISO 9241-11:2018, focusing on the extent to which specified users can achieve specified goals with effectiveness, efficiency, and satisfaction in a specified context of use. Entries are original paraphrases for UX analysis and recommendation mapping, not reproduced ISO text.",ISO,ISO - https://www.iso.org/standard/63500.html | AENORmas - https://plataforma.aenormas.aenor.com/pdf/UNE/N0060329,ISO 9241-11:2018 / UNE-EN ISO 9241-11:2018; confirmed by ISO in 2023,TRUE,ISO11-03,Satisfaction,"Assesses users’ comfort, acceptability, confidence, and emotional response while using the system.",satisfaction|comfort|acceptability|confidence|frustration|trust|user perception,"A participant completes the diary entry but describes the experience as stressful, annoying, or unpleasant.","Improve clarity, feedback, tone, perceived control, and visual calm so the interaction feels acceptable and trustworthy.","Do users feel comfortable using the system?|Do users express frustration, distrust, or anxiety?|Would users willingly use this again?",TRUE
ISO 9241-11 Usability Framework,"Usability framework based on ISO 9241-11:2018, focusing on the extent to which specified users can achieve specified goals with effectiveness, efficiency, and satisfaction in a specified context of use. Entries are original paraphrases for UX analysis and recommendation mapping, not reproduced ISO text.",ISO,ISO - https://www.iso.org/standard/63500.html | AENORmas - https://plataforma.aenormas.aenor.com/pdf/UNE/N0060329,ISO 9241-11:2018 / UNE-EN ISO 9241-11:2018; confirmed by ISO in 2023,TRUE,ISO11-04,Context of Use,"Evaluates usability in relation to the specific users, goals, tasks, resources, and environments in which use happens.",context of use|use context|users goals tasks environment|situated use|real conditions,A feature works well during testing but becomes difficult when participants use it on mobile while commuting.,"Base recommendations on the actual conditions of use, including user characteristics, device, location, timing, and constraints.","Who is using the system?|What goal are they pursuing?|In what physical, social, organizational, and technical context does use happen?",TRUE
ISO 9241-11 Usability Framework,"Usability framework based on ISO 9241-11:2018, focusing on the extent to which specified users can achieve specified goals with effectiveness, efficiency, and satisfaction in a specified context of use. Entries are original paraphrases for UX analysis and recommendation mapping, not reproduced ISO text.",ISO,ISO - https://www.iso.org/standard/63500.html | AENORmas - https://plataforma.aenormas.aenor.com/pdf/UNE/N0060329,ISO 9241-11:2018 / UNE-EN ISO 9241-11:2018; confirmed by ISO in 2023,TRUE,ISO11-05,Specified Users,"Checks whether the design fits the characteristics, needs, abilities, expectations, and limitations of the intended user group.",specified users|target users|user characteristics|abilities|needs|limitations|expectations,Older participants or less technical users report confusion with terminology that power users understand easily.,"Adapt labels, guidance, affordances, and support to the actual target users rather than assuming expert knowledge.",Are the intended users clearly defined?|Do user characteristics affect success or effort?|Does the interface assume knowledge users may not have?,TRUE
ISO 9241-11 Usability Framework,"Usability framework based on ISO 9241-11:2018, focusing on the extent to which specified users can achieve specified goals with effectiveness, efficiency, and satisfaction in a specified context of use. Entries are original paraphrases for UX analysis and recommendation mapping, not reproduced ISO text.",ISO,ISO - https://www.iso.org/standard/63500.html | AENORmas - https://plataforma.aenormas.aenor.com/pdf/UNE/N0060329,ISO 9241-11:2018 / UNE-EN ISO 9241-11:2018; confirmed by ISO in 2023,TRUE,ISO11-06,Specified Goals,"Checks whether the system supports the concrete outcomes users are trying to achieve, not only the functions available in the interface.",specified goals|user goals|intended outcomes|goal support|purpose fit,"A participant wants to reflect on a daily experience, but the interface focuses on metadata before helping them write the entry.","Align screens, labels, and flows around user goals. Prioritize the outcome users came to accomplish.",What is the user trying to achieve?|Does the interface directly support that goal?|Are system features aligned with user outcomes?,TRUE
ISO 9241-11 Usability Framework,"Usability framework based on ISO 9241-11:2018, focusing on the extent to which specified users can achieve specified goals with effectiveness, efficiency, and satisfaction in a specified context of use. Entries are original paraphrases for UX analysis and recommendation mapping, not reproduced ISO text.",ISO,ISO - https://www.iso.org/standard/63500.html | AENORmas - https://plataforma.aenormas.aenor.com/pdf/UNE/N0060329,ISO 9241-11:2018 / UNE-EN ISO 9241-11:2018; confirmed by ISO in 2023,TRUE,ISO11-07,Tasks and Workflows,"Assesses whether task sequences, decisions, dependencies, and interaction flows support successful use in realistic scenarios.",tasks|workflow|task sequence|interaction flow|scenario|process fit,A participant has to jump between pages to complete what they perceive as one simple diary submission task.,"Group related actions, sequence steps naturally, and avoid forcing users to manage unnecessary workflow complexity.",What tasks must users perform?|Is the sequence natural and understandable?|Where does the workflow create avoidable friction?,TRUE
ISO 9241-11 Usability Framework,"Usability framework based on ISO 9241-11:2018, focusing on the extent to which specified users can achieve specified goals with effectiveness, efficiency, and satisfaction in a specified context of use. Entries are original paraphrases for UX analysis and recommendation mapping, not reproduced ISO text.",ISO,ISO - https://www.iso.org/standard/63500.html | AENORmas - https://plataforma.aenormas.aenor.com/pdf/UNE/N0060329,ISO 9241-11:2018 / UNE-EN ISO 9241-11:2018; confirmed by ISO in 2023,TRUE,ISO11-08,Resources and Constraints,"Assesses the time, information, tools, assistance, cognitive effort, and other resources available or required during use.",resources|constraints|time pressure|information needed|support|cognitive effort|available tools,"A participant cannot complete an entry because they do not have enough time, guidance, or contextual information at the moment of use.","Reduce dependency on scarce resources, provide just-in-time help, and design for realistic time and attention limits.",What resources does the task require?|Are required resources available to the user?|What constraints make use harder?,TRUE
ISO 9241-11 Usability Framework,"Usability framework based on ISO 9241-11:2018, focusing on the extent to which specified users can achieve specified goals with effectiveness, efficiency, and satisfaction in a specified context of use. Entries are original paraphrases for UX analysis and recommendation mapping, not reproduced ISO text.",ISO,ISO - https://www.iso.org/standard/63500.html | AENORmas - https://plataforma.aenormas.aenor.com/pdf/UNE/N0060329,ISO 9241-11:2018 / UNE-EN ISO 9241-11:2018; confirmed by ISO in 2023,TRUE,ISO11-09,Environment of Use,"Assesses the physical, social, organizational, and technical environment surrounding use.",environment of use|physical environment|social environment|technical environment|organizational context|device context,A diary task is easy on desktop but difficult on a small mobile screen in a noisy public setting.,"Design and test for the real environment, including device type, connectivity, interruptions, privacy, lighting, and social setting.",Where and when does use happen?|What devices or technical conditions are involved?|Do environmental factors affect usability?,TRUE
ISO 9241-11 Usability Framework,"Usability framework based on ISO 9241-11:2018, focusing on the extent to which specified users can achieve specified goals with effectiveness, efficiency, and satisfaction in a specified context of use. Entries are original paraphrases for UX analysis and recommendation mapping, not reproduced ISO text.",ISO,ISO - https://www.iso.org/standard/63500.html | AENORmas - https://plataforma.aenormas.aenor.com/pdf/UNE/N0060329,ISO 9241-11:2018 / UNE-EN ISO 9241-11:2018; confirmed by ISO in 2023,TRUE,ISO11-10,Usability as Outcome of Use,"Treats usability as the result of interaction between users, goals, tasks, systems, and contexts rather than as a fixed property of the product alone.",outcome of use|situated usability|interaction outcome|product in context|use result,"The same feature is usable for experienced evaluators reviewing entries, but not for first-time participants submitting them.","Avoid generic claims that a feature is simply usable or unusable. Tie recommendations to user group, task, and context.","For whom is this usable?|Under which conditions is it usable?|Does usability change across tasks, users, or contexts?",TRUE
ISO 9241-11 Usability Framework,"Usability framework based on ISO 9241-11:2018, focusing on the extent to which specified users can achieve specified goals with effectiveness, efficiency, and satisfaction in a specified context of use. Entries are original paraphrases for UX analysis and recommendation mapping, not reproduced ISO text.",ISO,ISO - https://www.iso.org/standard/63500.html | AENORmas - https://plataforma.aenormas.aenor.com/pdf/UNE/N0060329,ISO 9241-11:2018 / UNE-EN ISO 9241-11:2018; confirmed by ISO in 2023,TRUE,ISO11-11,Usability Measurement,"Supports evaluating usability through evidence related to effectiveness, efficiency, and satisfaction rather than opinion alone.",usability measurement|metrics|completion rate|time on task|satisfaction rating|evidence-based evaluation,"A report says users struggled, but does not separate failed tasks, slow tasks, and negative perceptions.","Measure completion, errors, time, effort, and satisfaction separately so recommendations can target the real source of the problem.","What evidence supports the usability finding?|Does the evidence distinguish effectiveness, efficiency, and satisfaction?|Which metric should improve after the recommendation?",TRUE