participant_external_id,participant_display_name,participant_email,sentiment_self_report,issue_encountered,content,created_at
WA001,Marina Costa,marina.costa@example.com,VERY_NEGATIVE,true,"Day 1: I wanted this to be a quick task, but the app made me slow down. I used the notifications area after getting several messages close together. The group info screen had the options I needed, but I had to tap around before finding them. The app is familiar, but this part still felt heavier than it should.",2026-05-20T08:39
WA001,Marina Costa,marina.costa@example.com,NEGATIVE,true,"Day 2: Today the basic messaging worked, but the surrounding controls got in my way. The interaction was about voice note, not the message content itself. I wanted to adjust notifications for only one chat, but the setting felt buried. I knew the option probably existed, but finding it took too many taps. I left the app feeling like I had managed it rather than enjoyed it.",2026-05-21T08:48
WA001,Marina Costa,marina.costa@example.com,NEGATIVE,true,"Day 3: I was trying to reply quickly and it took more effort than I expected. I opened WhatsApp for a normal daily communication task involving media sharing. The icons at the top and the menus did not make the path obvious to me. I finished the task, but I felt annoyed by the extra mental effort.",2026-05-22T08:57
WA001,Marina Costa,marina.costa@example.com,NEGATIVE,true,"Day 4: I used WhatsApp in the middle of a normal busy day and felt a bit drained by it. I was using search during a lunch break. The result list helped eventually, but I wanted clearer grouping by chat or media type. The group info screen had the options I needed, but I had to tap around before finding them. It worked in the end, just not as smoothly as I expected.",2026-05-23T09:06
WA001,Marina Costa,marina.costa@example.com,NEGATIVE,true,"Day 5: I wanted this to be a quick task, but the app made me slow down. This happened while checking WhatsApp at home in the evening. The group had many new messages and I could not quickly tell which ones needed my attention. The app is familiar, but this part still felt heavier than it should.",2026-05-24T09:15
WA001,Marina Costa,marina.costa@example.com,NEUTRAL,false,"Day 6: Today the basic messaging worked, but the surrounding controls got in my way. I used the storage management area after getting several messages close together. Pinned chats made it easier to keep the important conversations near the top. I am still not a power user, but I am more comfortable moving around the app. It was not exciting, but it was efficient, which is what I want from WhatsApp.",2026-05-25T09:24
WA001,Marina Costa,marina.costa@example.com,NEGATIVE,true,"Day 7: I was trying to reply quickly and it took more effort than I expected. The interaction was about status update, not the message content itself. Once I found the menu, it made sense, but the route there was not memorable. The result list helped eventually, but I wanted clearer grouping by chat or media type. The learning curve is getting better, mostly because I know where the common options live. I finished the task, but I felt annoyed by the extra mental effort.",2026-05-26T09:33
WA001,Marina Costa,marina.costa@example.com,NEGATIVE,true,"Day 8: I used WhatsApp in the middle of a normal busy day and felt a bit drained by it. I opened WhatsApp for a normal daily communication task involving message forwarding. Search brought back too many similar results and I had to open several chats to check them. I noticed fewer mistakes today because I slowed down and used the same paths as before. It worked in the end, just not as smoothly as I expected.",2026-05-27T09:42
WA001,Marina Costa,marina.costa@example.com,POSITIVE,false,"Day 9: I had one meaningful interaction today where I noticed both good and annoying parts. I was using pinned chats during a lunch break. The voice note flow felt natural today, especially because I could respond while walking. I felt less lost than earlier because I now remember the main places to check. That made the app feel dependable today.",2026-05-28T09:51
WA001,Marina Costa,marina.costa@example.com,NEUTRAL,true,"Day 10: I am starting to know where things are, so the app felt easier than earlier in the study. This happened while checking WhatsApp at home in the evening. I kept getting alerts from a group after I thought I had quieted it. Once I found the menu, it made sense, but the route there was not memorable. After using it for several days, the menus are starting to feel more predictable. I left the app feeling like I had managed it rather than enjoyed it.",2026-05-29T10:00
WA001,Marina Costa,marina.costa@example.com,POSITIVE,false,"Day 11: I used WhatsApp a few times today and paid attention to what felt smooth or awkward. I used the calls area after getting several messages close together. The privacy setting I checked was clear enough once I was in the right section. I am still not a power user, but I am more comfortable moving around the app. The experience is improving compared with the first few days, even though some parts still need clearer labels. Overall, it helped me finish the communication task quickly.",2026-05-30T10:09
WA001,Marina Costa,marina.costa@example.com,NEUTRAL,true,"Day 12: Today was a pretty normal day with the app, mostly messages and checking a group. The interaction was about communities, not the message content itself. I expected the search filters to be easier to spot. The learning curve is getting better, mostly because I know where the common options live. The experience is improving compared with the first few days, even though some parts still need clearer labels. It worked in the end, just not as smoothly as I expected.",2026-05-31T10:18
WA001,Marina Costa,marina.costa@example.com,POSITIVE,false,"Day 13: I had one meaningful interaction today where I noticed both good and annoying parts. I opened WhatsApp for a normal daily communication task involving one-to-one chat. A WhatsApp call connected quickly and I did not have to think about the controls. I noticed fewer mistakes today because I slowed down and used the same paths as before. The experience is improving compared with the first few days, even though some parts still need clearer labels. That made the app feel dependable today.",2026-06-01T10:27
WA001,Marina Costa,marina.costa@example.com,POSITIVE,false,"Day 14: I am starting to know where things are, so the app felt easier than earlier in the study. I was using group chat during a lunch break. Pinned chats made it easier to keep the important conversations near the top. I felt less lost than earlier because I now remember the main places to check. The experience is improving compared with the first few days, even though some parts still need clearer labels. It was not exciting, but it was efficient, which is what I want from WhatsApp.",2026-06-02T10:36
WA002,Daniel Ruiz,daniel.ruiz@example.com,VERY_NEGATIVE,true,"Day 1: Today the basic messaging worked, but the surrounding controls got in my way. The interaction was about voice note, not the message content itself. I checked who could see my status and last seen info, and the choices made me pause. I left the app feeling like I had managed it rather than enjoyed it.",2026-05-20T08:56
WA002,Daniel Ruiz,daniel.ruiz@example.com,NEGATIVE,true,"Day 2: I was trying to reply quickly and it took more effort than I expected. I opened WhatsApp for a normal daily communication task involving media sharing. The account area felt separate from the places I normally use every day. I wanted to understand read receipts without changing everything, and that felt harder than it should. I finished the task, but I felt annoyed by the extra mental effort.",2026-05-21T09:05
WA002,Daniel Ruiz,daniel.ruiz@example.com,NEGATIVE,true,"Day 3: I used WhatsApp in the middle of a normal busy day and felt a bit drained by it. I was using search during a lunch break. I was nervous about changing it because I was not sure how it affected groups. It worked in the end, just not as smoothly as I expected.",2026-05-22T09:14
WA002,Daniel Ruiz,daniel.ruiz@example.com,NEGATIVE,true,"Day 4: I wanted this to be a quick task, but the app made me slow down. This happened while checking WhatsApp at home in the evening. I reviewed blocked contacts and the screen felt simple, but it was hidden deep in settings. I changed one setting, but I was not fully confident who would notice the change. The app is familiar, but this part still felt heavier than it should.",2026-05-23T09:23
WA002,Daniel Ruiz,daniel.ruiz@example.com,NEGATIVE,true,"Day 5: Today the basic messaging worked, but the surrounding controls got in my way. I used the storage management area after getting several messages close together. The privacy section was useful, but the labels felt a bit abstract. I left the app feeling like I had managed it rather than enjoyed it.",2026-05-24T09:32
WA002,Daniel Ruiz,daniel.ruiz@example.com,NEUTRAL,false,"Day 6: I was trying to reply quickly and it took more effort than I expected. The interaction was about status update, not the message content itself. A quick one-to-one reply worked exactly as expected and I was done in under a minute. The learning curve is getting better, mostly because I know where the common options live. Overall, it helped me finish the communication task quickly.",2026-05-25T09:41
WA002,Daniel Ruiz,daniel.ruiz@example.com,NEGATIVE,true,"Day 7: I used WhatsApp in the middle of a normal busy day and felt a bit drained by it. I opened WhatsApp for a normal daily communication task involving message forwarding. I wanted to understand read receipts without changing everything, and that felt harder than it should. I would not have found this area without intentionally looking for it. I noticed fewer mistakes today because I slowed down and used the same paths as before. It worked in the end, just not as smoothly as I expected.",2026-05-26T09:50
WA002,Daniel Ruiz,daniel.ruiz@example.com,NEGATIVE,true,"Day 8: I wanted this to be a quick task, but the app made me slow down. I was using pinned chats during a lunch break. The action itself was clear once I found it. I felt less lost than earlier because I now remember the main places to check. The app is familiar, but this part still felt heavier than it should.",2026-05-27T09:59
WA002,Daniel Ruiz,daniel.ruiz@example.com,POSITIVE,false,"Day 9: I am starting to know where things are, so the app felt easier than earlier in the study. This happened while checking WhatsApp at home in the evening. Search inside one chat helped me find a detail without scrolling forever. After using it for several days, the menus are starting to feel more predictable. It was not exciting, but it was efficient, which is what I want from WhatsApp.",2026-05-28T10:08
WA002,Daniel Ruiz,daniel.ruiz@example.com,NEUTRAL,true,"Day 10: I used WhatsApp a few times today and paid attention to what felt smooth or awkward. I used the calls area after getting several messages close together. I tried looking for account switching and did not immediately know where to start. I was nervous about changing it because I was not sure how it affected groups. I am still not a power user, but I am more comfortable moving around the app. I finished the task, but I felt annoyed by the extra mental effort.",2026-05-29T10:17
WA002,Daniel Ruiz,daniel.ruiz@example.com,POSITIVE,false,"Day 11: Today was a pretty normal day with the app, mostly messages and checking a group. The interaction was about communities, not the message content itself. Notifications were manageable today because I had already muted the noisy chats. The learning curve is getting better, mostly because I know where the common options live. The experience is improving compared with the first few days, even though some parts still need clearer labels. I ended the interaction feeling calm because nothing got in the way.",2026-05-30T10:26
WA002,Daniel Ruiz,daniel.ruiz@example.com,NEUTRAL,true,"Day 12: I had one meaningful interaction today where I noticed both good and annoying parts. I opened WhatsApp for a normal daily communication task involving one-to-one chat. I would not have found this area without intentionally looking for it. I noticed fewer mistakes today because I slowed down and used the same paths as before. The experience is improving compared with the first few days, even though some parts still need clearer labels. The app is familiar, but this part still felt heavier than it should.",2026-05-31T10:35
WA002,Daniel Ruiz,daniel.ruiz@example.com,POSITIVE,false,"Day 13: I am starting to know where things are, so the app felt easier than earlier in the study. I was using group chat during a lunch break. Pinned chats made it easier to keep the important conversations near the top. I felt less lost than earlier because I now remember the main places to check. The experience is improving compared with the first few days, even though some parts still need clearer labels. It was not exciting, but it was efficient, which is what I want from WhatsApp.",2026-06-01T10:44
WA002,Daniel Ruiz,daniel.ruiz@example.com,POSITIVE,false,"Day 14: I used WhatsApp a few times today and paid attention to what felt smooth or awkward. This happened while checking WhatsApp at home in the evening. A quick one-to-one reply worked exactly as expected and I was done in under a minute. After using it for several days, the menus are starting to feel more predictable. The experience is improving compared with the first few days, even though some parts still need clearer labels. Overall, it helped me finish the communication task quickly.",2026-06-02T10:53
WA003,Priya Menon,priya.menon@example.com,VERY_NEGATIVE,true,"Day 1: I was trying to reply quickly and it took more effort than I expected. I opened WhatsApp for a normal daily communication task involving media sharing. I almost sent the wrong version of a picture because the preview felt cramped. I finished the task, but I felt annoyed by the extra mental effort.",2026-05-20T09:13
WA003,Priya Menon,priya.menon@example.com,NEGATIVE,true,"Day 2: I used WhatsApp in the middle of a normal busy day and felt a bit drained by it. I was using search during a lunch break. The feature is useful, but it feels like a chore rather than a guided cleanup. I tried to stop media from downloading automatically and had to hunt through settings. It worked in the end, just not as smoothly as I expected.",2026-05-21T09:22
WA003,Priya Menon,priya.menon@example.com,NEGATIVE,true,"Day 3: I wanted this to be a quick task, but the app made me slow down. This happened while checking WhatsApp at home in the evening. I tried to stop media from downloading automatically and had to hunt through settings. The app is familiar, but this part still felt heavier than it should.",2026-05-22T09:31
WA003,Priya Menon,priya.menon@example.com,NEGATIVE,true,"Day 4: Today the basic messaging worked, but the surrounding controls got in my way. I used the storage management area after getting several messages close together. I was careful not to forward to the wrong chat because the list was crowded. The send button was clear, but choosing between camera, gallery, and document took a second. I left the app feeling like I had managed it rather than enjoyed it.",2026-05-23T09:40
WA003,Priya Menon,priya.menon@example.com,NEGATIVE,true,"Day 5: I was trying to reply quickly and it took more effort than I expected. The interaction was about status update, not the message content itself. The send button was clear, but choosing between camera, gallery, and document took a second. I finished the task, but I felt annoyed by the extra mental effort.",2026-05-24T09:49
WA003,Priya Menon,priya.menon@example.com,NEUTRAL,false,Day 6: I used WhatsApp in the middle of a normal busy day and felt a bit drained by it. I opened WhatsApp for a normal daily communication task involving message forwarding. Sharing a photo was straightforward and the preview helped me feel confident before sending. I noticed fewer mistakes today because I slowed down and used the same paths as before. I ended the interaction feeling calm because nothing got in the way.,2026-05-25T09:58
WA003,Priya Menon,priya.menon@example.com,NEGATIVE,true,"Day 7: I wanted this to be a quick task, but the app made me slow down. I was using pinned chats during a lunch break. The Wi-Fi and mobile data choices were helpful but not very friendly at first glance. It did the job, but I felt a little tense using it. I felt less lost than earlier because I now remember the main places to check. The app is familiar, but this part still felt heavier than it should.",2026-05-26T10:07
WA003,Priya Menon,priya.menon@example.com,NEGATIVE,true,"Day 8: Today the basic messaging worked, but the surrounding controls got in my way. This happened while checking WhatsApp at home in the evening. It did the job, but I felt a little tense using it. After using it for several days, the menus are starting to feel more predictable. I left the app feeling like I had managed it rather than enjoyed it.",2026-05-27T10:16
WA003,Priya Menon,priya.menon@example.com,POSITIVE,false,"Day 9: I used WhatsApp a few times today and paid attention to what felt smooth or awkward. I used the calls area after getting several messages close together. The privacy setting I checked was clear enough once I was in the right section. I am still not a power user, but I am more comfortable moving around the app. Overall, it helped me finish the communication task quickly.",2026-05-28T10:25
WA003,Priya Menon,priya.menon@example.com,NEUTRAL,true,"Day 10: Today was a pretty normal day with the app, mostly messages and checking a group. The interaction was about communities, not the message content itself. I wanted to clean up videos from one chat and had to inspect several items one by one. I understood it after reading twice, but it was not quick. The learning curve is getting better, mostly because I know where the common options live. It worked in the end, just not as smoothly as I expected.",2026-05-29T10:34
WA003,Priya Menon,priya.menon@example.com,POSITIVE,false,"Day 11: I had one meaningful interaction today where I noticed both good and annoying parts. I opened WhatsApp for a normal daily communication task involving one-to-one chat. A WhatsApp call connected quickly and I did not have to think about the controls. I noticed fewer mistakes today because I slowed down and used the same paths as before. The experience is improving compared with the first few days, even though some parts still need clearer labels. That made the app feel dependable today.",2026-05-30T10:43
WA003,Priya Menon,priya.menon@example.com,NEUTRAL,true,"Day 12: I am starting to know where things are, so the app felt easier than earlier in the study. I was using group chat during a lunch break. Forwarding a message worked, but the extra labels and selection screen made me slow down. I felt less lost than earlier because I now remember the main places to check. The experience is improving compared with the first few days, even though some parts still need clearer labels. I left the app feeling like I had managed it rather than enjoyed it.",2026-05-31T10:52
WA003,Priya Menon,priya.menon@example.com,POSITIVE,false,"Day 13: I used WhatsApp a few times today and paid attention to what felt smooth or awkward. This happened while checking WhatsApp at home in the evening. A quick one-to-one reply worked exactly as expected and I was done in under a minute. After using it for several days, the menus are starting to feel more predictable. The experience is improving compared with the first few days, even though some parts still need clearer labels. Overall, it helped me finish the communication task quickly.",2026-06-01T11:01
WA003,Priya Menon,priya.menon@example.com,POSITIVE,false,"Day 14: Today was a pretty normal day with the app, mostly messages and checking a group. I used the voice note area after getting several messages close together. Sharing a photo was straightforward and the preview helped me feel confident before sending. I am still not a power user, but I am more comfortable moving around the app. The experience is improving compared with the first few days, even though some parts still need clearer labels. I ended the interaction feeling calm because nothing got in the way.",2026-06-02T11:10
WA004,Thomas Keller,thomas.keller@example.com,VERY_NEGATIVE,true,"Day 1: I used WhatsApp in the middle of a normal busy day and felt a bit drained by it. I was using search during a lunch break. I eventually found the message, but it did not feel fast. It worked in the end, just not as smoothly as I expected.",2026-05-20T09:30
WA004,Thomas Keller,thomas.keller@example.com,NEGATIVE,true,"Day 2: I wanted this to be a quick task, but the app made me slow down. This happened while checking WhatsApp at home in the evening. I tried to keep important chats visible, but pinned and archived chats were not obvious enough. I forgot where archived chats were and had to scroll around. The app is familiar, but this part still felt heavier than it should.",2026-05-21T09:39
WA004,Thomas Keller,thomas.keller@example.com,NEGATIVE,true,"Day 3: Today the basic messaging worked, but the surrounding controls got in my way. I used the storage management area after getting several messages close together. Once I remembered the location, it was fine, but it is easy to miss. I left the app feeling like I had managed it rather than enjoyed it.",2026-05-22T09:48
WA004,Thomas Keller,thomas.keller@example.com,NEGATIVE,true,"Day 4: I was trying to reply quickly and it took more effort than I expected. The interaction was about status update, not the message content itself. I can see the value, but it needs clearer explanation inside the app. I eventually found the message, but it did not feel fast. I finished the task, but I felt annoyed by the extra mental effort.",2026-05-23T09:57
WA004,Thomas Keller,thomas.keller@example.com,NEGATIVE,true,"Day 5: I used WhatsApp in the middle of a normal busy day and felt a bit drained by it. I opened WhatsApp for a normal daily communication task involving message forwarding. I searched for an old message and the result list was longer than I expected. It worked in the end, just not as smoothly as I expected.",2026-05-24T10:06
WA004,Thomas Keller,thomas.keller@example.com,NEUTRAL,false,"Day 6: I wanted this to be a quick task, but the app made me slow down. I was using pinned chats during a lunch break. The voice note flow felt natural today, especially because I could respond while walking. I felt less lost than earlier because I now remember the main places to check. That made the app feel dependable today.",2026-05-25T10:15
WA004,Thomas Keller,thomas.keller@example.com,NEGATIVE,true,"Day 7: Today the basic messaging worked, but the surrounding controls got in my way. This happened while checking WhatsApp at home in the evening. The archive area felt like a drawer I only find by accident. I can see the value, but it needs clearer explanation inside the app. After using it for several days, the menus are starting to feel more predictable. I left the app feeling like I had managed it rather than enjoyed it.",2026-05-26T10:24
WA004,Thomas Keller,thomas.keller@example.com,NEGATIVE,true,"Day 8: I was trying to reply quickly and it took more effort than I expected. I used the calls area after getting several messages close together. I opened the communities area and was not totally sure how it related to my groups. I am still not a power user, but I am more comfortable moving around the app. I finished the task, but I felt annoyed by the extra mental effort.",2026-05-27T10:33
WA004,Thomas Keller,thomas.keller@example.com,POSITIVE,false,"Day 9: Today was a pretty normal day with the app, mostly messages and checking a group. The interaction was about communities, not the message content itself. Notifications were manageable today because I had already muted the noisy chats. The learning curve is getting better, mostly because I know where the common options live. I ended the interaction feeling calm because nothing got in the way.",2026-05-28T10:42
WA004,Thomas Keller,thomas.keller@example.com,NEUTRAL,true,"Day 10: I had one meaningful interaction today where I noticed both good and annoying parts. I opened WhatsApp for a normal daily communication task involving one-to-one chat. I wished there were clearer ways to separate personal, work, and group conversations. The archive area felt like a drawer I only find by accident. I noticed fewer mistakes today because I slowed down and used the same paths as before. The app is familiar, but this part still felt heavier than it should.",2026-05-29T10:51
WA004,Thomas Keller,thomas.keller@example.com,POSITIVE,false,"Day 11: I am starting to know where things are, so the app felt easier than earlier in the study. I was using group chat during a lunch break. Pinned chats made it easier to keep the important conversations near the top. I felt less lost than earlier because I now remember the main places to check. The experience is improving compared with the first few days, even though some parts still need clearer labels. It was not exciting, but it was efficient, which is what I want from WhatsApp.",2026-05-30T11:00
WA004,Thomas Keller,thomas.keller@example.com,NEUTRAL,true,"Day 12: I used WhatsApp a few times today and paid attention to what felt smooth or awkward. This happened while checking WhatsApp at home in the evening. The structure made more sense after a few minutes, but it felt like a separate mental model. After using it for several days, the menus are starting to feel more predictable. The experience is improving compared with the first few days, even though some parts still need clearer labels. I finished the task, but I felt annoyed by the extra mental effort.",2026-05-31T11:09
WA004,Thomas Keller,thomas.keller@example.com,POSITIVE,false,"Day 13: Today was a pretty normal day with the app, mostly messages and checking a group. I used the voice note area after getting several messages close together. Sharing a photo was straightforward and the preview helped me feel confident before sending. I am still not a power user, but I am more comfortable moving around the app. The experience is improving compared with the first few days, even though some parts still need clearer labels. I ended the interaction feeling calm because nothing got in the way.",2026-06-01T11:18
WA004,Thomas Keller,thomas.keller@example.com,POSITIVE,false,"Day 14: I had one meaningful interaction today where I noticed both good and annoying parts. The interaction was about media sharing, not the message content itself. The voice note flow felt natural today, especially because I could respond while walking. The learning curve is getting better, mostly because I know where the common options live. The experience is improving compared with the first few days, even though some parts still need clearer labels. That made the app feel dependable today.",2026-06-02T11:27
WA005,Lucia Fernandez,lucia.fernandez@example.com,NEGATIVE,true,"Day 1: I wanted this to be a quick task, but the app made me slow down. This happened while checking WhatsApp at home in the evening. There were too many alerts and I felt interrupted. The app is familiar, but this part still felt heavier than it should.",2026-05-20T09:47
WA005,Lucia Fernandez,lucia.fernandez@example.com,NEGATIVE,true,"Day 2: Today the basic messaging worked, but the surrounding controls got in my way. I used the storage management area after getting several messages close together. I had to check whether the group was really muted. I left the app feeling like I had managed it rather than enjoyed it.",2026-05-21T09:56
WA005,Lucia Fernandez,lucia.fernandez@example.com,NEGATIVE,true,"Day 3: I was trying to reply quickly and it took more effort than I expected. The interaction was about status update, not the message content itself. I left the app feeling caught up but mentally tired. I finished the task, but I felt annoyed by the extra mental effort.",2026-05-22T10:05
WA005,Lucia Fernandez,lucia.fernandez@example.com,NEGATIVE,true,"Day 4: I used WhatsApp in the middle of a normal busy day and felt a bit drained by it. I opened WhatsApp for a normal daily communication task involving message forwarding. There were too many alerts and I felt interrupted. It worked in the end, just not as smoothly as I expected.",2026-05-23T10:14
WA005,Lucia Fernandez,lucia.fernandez@example.com,NEGATIVE,false,"Day 5: I wanted this to be a quick task, but the app made me slow down. I was using pinned chats during a lunch break. The voice note flow felt natural today, especially because I could respond while walking. That made the app feel dependable today.",2026-05-24T10:23
WA005,Lucia Fernandez,lucia.fernandez@example.com,NEGATIVE,true,"Day 6: Today the basic messaging worked, but the surrounding controls got in my way. This happened while checking WhatsApp at home in the evening. I left the app feeling caught up but mentally tired. After using it for several days, the menus are starting to feel more predictable. I left the app feeling like I had managed it rather than enjoyed it.",2026-05-25T10:32
WA005,Lucia Fernandez,lucia.fernandez@example.com,NEGATIVE,true,"Day 7: I was trying to reply quickly and it took more effort than I expected. I used the calls area after getting several messages close together. There were too many alerts and I felt interrupted. I am still not a power user, but I am more comfortable moving around the app. I finished the task, but I felt annoyed by the extra mental effort.",2026-05-26T10:41
WA005,Lucia Fernandez,lucia.fernandez@example.com,NEUTRAL,false,"Day 8: I used WhatsApp in the middle of a normal busy day and felt a bit drained by it. The interaction was about communities, not the message content itself. Notifications were manageable today because I had already muted the noisy chats. The learning curve is getting better, mostly because I know where the common options live. I ended the interaction feeling calm because nothing got in the way.",2026-05-27T10:50
WA005,Lucia Fernandez,lucia.fernandez@example.com,NEGATIVE,true,"Day 9: I wanted this to be a quick task, but the app made me slow down. I opened WhatsApp for a normal daily communication task involving one-to-one chat. I left the app feeling caught up but mentally tired. I noticed fewer mistakes today because I slowed down and used the same paths as before. The app is familiar, but this part still felt heavier than it should.",2026-05-28T10:59
WA005,Lucia Fernandez,lucia.fernandez@example.com,NEUTRAL,false,"Day 10: I am starting to know where things are, so the app felt easier than earlier in the study. I was using group chat during a lunch break. Pinned chats made it easier to keep the important conversations near the top. I felt less lost than earlier because I now remember the main places to check. It was not exciting, but it was efficient, which is what I want from WhatsApp.",2026-05-29T11:08
WA005,Lucia Fernandez,lucia.fernandez@example.com,NEUTRAL,true,"Day 11: I used WhatsApp a few times today and paid attention to what felt smooth or awkward. This happened while checking WhatsApp at home in the evening. I had to check whether the group was really muted. After using it for several days, the menus are starting to feel more predictable. The experience is improving compared with the first few days, even though some parts still need clearer labels. I finished the task, but I felt annoyed by the extra mental effort.",2026-05-30T11:17
WA005,Lucia Fernandez,lucia.fernandez@example.com,POSITIVE,false,"Day 12: Today was a pretty normal day with the app, mostly messages and checking a group. I used the voice note area after getting several messages close together. Sharing a photo was straightforward and the preview helped me feel confident before sending. I am still not a power user, but I am more comfortable moving around the app. The experience is improving compared with the first few days, even though some parts still need clearer labels. I ended the interaction feeling calm because nothing got in the way.",2026-05-31T11:26
WA005,Lucia Fernandez,lucia.fernandez@example.com,POSITIVE,false,"Day 13: I had one meaningful interaction today where I noticed both good and annoying parts. The interaction was about media sharing, not the message content itself. The voice note flow felt natural today, especially because I could respond while walking. The learning curve is getting better, mostly because I know where the common options live. The experience is improving compared with the first few days, even though some parts still need clearer labels. That made the app feel dependable today.",2026-06-01T11:35
WA005,Lucia Fernandez,lucia.fernandez@example.com,POSITIVE,false,"Day 14: I am starting to know where things are, so the app felt easier than earlier in the study. I opened WhatsApp for a normal daily communication task involving search. Search inside one chat helped me find a detail without scrolling forever. I noticed fewer mistakes today because I slowed down and used the same paths as before. The experience is improving compared with the first few days, even though some parts still need clearer labels. It was not exciting, but it was efficient, which is what I want from WhatsApp.",2026-06-02T11:44
WA006,Omar Haddad,omar.haddad@example.com,NEGATIVE,true,"Day 1: Today the basic messaging worked, but the surrounding controls got in my way. I used the storage management area after getting several messages close together. The search bar was easy to open, but narrowing the results took effort. I left the app feeling like I had managed it rather than enjoyed it.",2026-05-20T10:04
WA006,Omar Haddad,omar.haddad@example.com,NEGATIVE,true,"Day 2: I was trying to reply quickly and it took more effort than I expected. The interaction was about status update, not the message content itself. The app stores everything, but retrieving the exact thing is not always easy. I finished the task, but I felt annoyed by the extra mental effort.",2026-05-21T10:13
WA006,Omar Haddad,omar.haddad@example.com,NEGATIVE,true,"Day 3: I used WhatsApp in the middle of a normal busy day and felt a bit drained by it. I opened WhatsApp for a normal daily communication task involving message forwarding. I looked for an old photo and a PDF in a chat, and the media view helped but still took time. It worked in the end, just not as smoothly as I expected.",2026-05-22T10:22
WA006,Omar Haddad,omar.haddad@example.com,NEGATIVE,true,"Day 4: I wanted this to be a quick task, but the app made me slow down. I was using pinned chats during a lunch break. The search bar was easy to open, but narrowing the results took effort. The app is familiar, but this part still felt heavier than it should.",2026-05-23T10:31
WA006,Omar Haddad,omar.haddad@example.com,NEGATIVE,false,"Day 5: Today the basic messaging worked, but the surrounding controls got in my way. This happened while checking WhatsApp at home in the evening. Search inside one chat helped me find a detail without scrolling forever. It was not exciting, but it was efficient, which is what I want from WhatsApp.",2026-05-24T10:40
WA006,Omar Haddad,omar.haddad@example.com,NEGATIVE,true,"Day 6: I was trying to reply quickly and it took more effort than I expected. I used the calls area after getting several messages close together. I looked for an old photo and a PDF in a chat, and the media view helped but still took time. I am still not a power user, but I am more comfortable moving around the app. I finished the task, but I felt annoyed by the extra mental effort.",2026-05-25T10:49
WA006,Omar Haddad,omar.haddad@example.com,NEGATIVE,true,"Day 7: I used WhatsApp in the middle of a normal busy day and felt a bit drained by it. The interaction was about communities, not the message content itself. The search bar was easy to open, but narrowing the results took effort. The learning curve is getting better, mostly because I know where the common options live. It worked in the end, just not as smoothly as I expected.",2026-05-26T10:58
WA006,Omar Haddad,omar.haddad@example.com,NEUTRAL,false,"Day 8: I wanted this to be a quick task, but the app made me slow down. I opened WhatsApp for a normal daily communication task involving one-to-one chat. A WhatsApp call connected quickly and I did not have to think about the controls. I noticed fewer mistakes today because I slowed down and used the same paths as before. That made the app feel dependable today.",2026-05-27T11:07
WA006,Omar Haddad,omar.haddad@example.com,NEGATIVE,true,"Day 9: Today the basic messaging worked, but the surrounding controls got in my way. I was using group chat during a lunch break. I looked for an old photo and a PDF in a chat, and the media view helped but still took time. I felt less lost than earlier because I now remember the main places to check. I left the app feeling like I had managed it rather than enjoyed it.",2026-05-28T11:16
WA006,Omar Haddad,omar.haddad@example.com,NEUTRAL,false,"Day 10: I used WhatsApp a few times today and paid attention to what felt smooth or awkward. This happened while checking WhatsApp at home in the evening. A quick one-to-one reply worked exactly as expected and I was done in under a minute. After using it for several days, the menus are starting to feel more predictable. Overall, it helped me finish the communication task quickly.",2026-05-29T11:25
WA006,Omar Haddad,omar.haddad@example.com,NEUTRAL,true,"Day 11: Today was a pretty normal day with the app, mostly messages and checking a group. I used the voice note area after getting several messages close together. The app stores everything, but retrieving the exact thing is not always easy. I am still not a power user, but I am more comfortable moving around the app. The experience is improving compared with the first few days, even though some parts still need clearer labels. It worked in the end, just not as smoothly as I expected.",2026-05-30T11:34
WA006,Omar Haddad,omar.haddad@example.com,POSITIVE,false,"Day 12: I had one meaningful interaction today where I noticed both good and annoying parts. The interaction was about media sharing, not the message content itself. The voice note flow felt natural today, especially because I could respond while walking. The learning curve is getting better, mostly because I know where the common options live. The experience is improving compared with the first few days, even though some parts still need clearer labels. That made the app feel dependable today.",2026-05-31T11:43
WA006,Omar Haddad,omar.haddad@example.com,POSITIVE,false,"Day 13: I am starting to know where things are, so the app felt easier than earlier in the study. I opened WhatsApp for a normal daily communication task involving search. Search inside one chat helped me find a detail without scrolling forever. I noticed fewer mistakes today because I slowed down and used the same paths as before. The experience is improving compared with the first few days, even though some parts still need clearer labels. It was not exciting, but it was efficient, which is what I want from WhatsApp.",2026-06-01T11:52
WA006,Omar Haddad,omar.haddad@example.com,POSITIVE,false,"Day 14: I used WhatsApp a few times today and paid attention to what felt smooth or awkward. I was using privacy settings during a lunch break. The privacy setting I checked was clear enough once I was in the right section. I felt less lost than earlier because I now remember the main places to check. The experience is improving compared with the first few days, even though some parts still need clearer labels. Overall, it helped me finish the communication task quickly.",2026-06-02T12:01
WA007,Sofia Rossi,sofia.rossi@example.com,NEGATIVE,true,"Day 1: I was trying to reply quickly and it took more effort than I expected. The interaction was about status update, not the message content itself. I ignored it because I did not want to experiment while trying to send a message. I finished the task, but I felt annoyed by the extra mental effort.",2026-05-20T10:21
WA007,Sofia Rossi,sofia.rossi@example.com,NEGATIVE,true,"Day 2: I used WhatsApp in the middle of a normal busy day and felt a bit drained by it. I opened WhatsApp for a normal daily communication task involving message forwarding. The setting I wanted was not visible from the screen where I needed it. It worked in the end, just not as smoothly as I expected.",2026-05-21T10:30
WA007,Sofia Rossi,sofia.rossi@example.com,NEGATIVE,true,"Day 3: I wanted this to be a quick task, but the app made me slow down. I was using pinned chats during a lunch break. I did not use the suggestion because I wanted to understand it first. The app is familiar, but this part still felt heavier than it should.",2026-05-22T10:39
WA007,Sofia Rossi,sofia.rossi@example.com,NEGATIVE,true,"Day 4: Today the basic messaging worked, but the surrounding controls got in my way. This happened while checking WhatsApp at home in the evening. I ignored it because I did not want to experiment while trying to send a message. I left the app feeling like I had managed it rather than enjoyed it.",2026-05-23T10:48
WA007,Sofia Rossi,sofia.rossi@example.com,NEGATIVE,false,"Day 5: I was trying to reply quickly and it took more effort than I expected. I used the calls area after getting several messages close together. The privacy setting I checked was clear enough once I was in the right section. Overall, it helped me finish the communication task quickly.",2026-05-24T10:57
WA007,Sofia Rossi,sofia.rossi@example.com,NEGATIVE,true,"Day 6: I used WhatsApp in the middle of a normal busy day and felt a bit drained by it. The interaction was about communities, not the message content itself. I did not use the suggestion because I wanted to understand it first. The learning curve is getting better, mostly because I know where the common options live. It worked in the end, just not as smoothly as I expected.",2026-05-25T11:06
WA007,Sofia Rossi,sofia.rossi@example.com,NEGATIVE,true,"Day 7: I wanted this to be a quick task, but the app made me slow down. I opened WhatsApp for a normal daily communication task involving one-to-one chat. I ignored it because I did not want to experiment while trying to send a message. I noticed fewer mistakes today because I slowed down and used the same paths as before. The app is familiar, but this part still felt heavier than it should.",2026-05-26T11:15
WA007,Sofia Rossi,sofia.rossi@example.com,NEUTRAL,false,"Day 8: Today the basic messaging worked, but the surrounding controls got in my way. I was using group chat during a lunch break. Pinned chats made it easier to keep the important conversations near the top. I felt less lost than earlier because I now remember the main places to check. It was not exciting, but it was efficient, which is what I want from WhatsApp.",2026-05-27T11:24
WA007,Sofia Rossi,sofia.rossi@example.com,NEGATIVE,true,"Day 9: I was trying to reply quickly and it took more effort than I expected. This happened while checking WhatsApp at home in the evening. I did not use the suggestion because I wanted to understand it first. After using it for several days, the menus are starting to feel more predictable. I finished the task, but I felt annoyed by the extra mental effort.",2026-05-28T11:33
WA007,Sofia Rossi,sofia.rossi@example.com,NEUTRAL,false,"Day 10: Today was a pretty normal day with the app, mostly messages and checking a group. I used the voice note area after getting several messages close together. Sharing a photo was straightforward and the preview helped me feel confident before sending. I am still not a power user, but I am more comfortable moving around the app. I ended the interaction feeling calm because nothing got in the way.",2026-05-29T11:42
WA007,Sofia Rossi,sofia.rossi@example.com,NEUTRAL,true,"Day 11: I had one meaningful interaction today where I noticed both good and annoying parts. The interaction was about media sharing, not the message content itself. The setting I wanted was not visible from the screen where I needed it. The learning curve is getting better, mostly because I know where the common options live. The experience is improving compared with the first few days, even though some parts still need clearer labels. The app is familiar, but this part still felt heavier than it should.",2026-05-30T11:51
WA007,Sofia Rossi,sofia.rossi@example.com,POSITIVE,false,"Day 12: I am starting to know where things are, so the app felt easier than earlier in the study. I opened WhatsApp for a normal daily communication task involving search. Search inside one chat helped me find a detail without scrolling forever. I noticed fewer mistakes today because I slowed down and used the same paths as before. The experience is improving compared with the first few days, even though some parts still need clearer labels. It was not exciting, but it was efficient, which is what I want from WhatsApp.",2026-05-31T12:00
WA007,Sofia Rossi,sofia.rossi@example.com,POSITIVE,false,"Day 13: I used WhatsApp a few times today and paid attention to what felt smooth or awkward. I was using privacy settings during a lunch break. The privacy setting I checked was clear enough once I was in the right section. I felt less lost than earlier because I now remember the main places to check. The experience is improving compared with the first few days, even though some parts still need clearer labels. Overall, it helped me finish the communication task quickly.",2026-06-01T12:09
WA007,Sofia Rossi,sofia.rossi@example.com,POSITIVE,false,"Day 14: Today was a pretty normal day with the app, mostly messages and checking a group. This happened while checking WhatsApp at home in the evening. Notifications were manageable today because I had already muted the noisy chats. After using it for several days, the menus are starting to feel more predictable. The experience is improving compared with the first few days, even though some parts still need clearer labels. I ended the interaction feeling calm because nothing got in the way.",2026-06-02T12:18
WA008,Ethan Brooks,ethan.brooks@example.com,NEGATIVE,true,"Day 1: I used WhatsApp in the middle of a normal busy day and felt a bit drained by it. I opened WhatsApp for a normal daily communication task involving message forwarding. I started a call from a chat and it worked, but switching back to messages felt clumsy. It worked in the end, just not as smoothly as I expected.",2026-05-20T10:38
WA008,Ethan Brooks,ethan.brooks@example.com,NEGATIVE,true,"Day 2: I wanted this to be a quick task, but the app made me slow down. I was using pinned chats during a lunch break. I worried I might send it accidentally before I was ready. The app is familiar, but this part still felt heavier than it should.",2026-05-21T10:47
WA008,Ethan Brooks,ethan.brooks@example.com,NEGATIVE,true,"Day 3: Today the basic messaging worked, but the surrounding controls got in my way. This happened while checking WhatsApp at home in the evening. It was not broken, but it made the interaction feel rough. I left the app feeling like I had managed it rather than enjoyed it.",2026-05-22T10:56
WA008,Ethan Brooks,ethan.brooks@example.com,NEGATIVE,true,"Day 4: I was trying to reply quickly and it took more effort than I expected. I used the calls area after getting several messages close together. I moved between chats quickly and almost replied in the wrong place. I finished the task, but I felt annoyed by the extra mental effort.",2026-05-23T11:05
WA008,Ethan Brooks,ethan.brooks@example.com,NEGATIVE,false,"Day 5: I used WhatsApp in the middle of a normal busy day and felt a bit drained by it. The interaction was about communities, not the message content itself. Notifications were manageable today because I had already muted the noisy chats. I ended the interaction feeling calm because nothing got in the way.",2026-05-24T11:14
WA008,Ethan Brooks,ethan.brooks@example.com,NEGATIVE,true,"Day 6: I wanted this to be a quick task, but the app made me slow down. I opened WhatsApp for a normal daily communication task involving one-to-one chat. Playback worked, but the small controls made me concentrate more than expected. I noticed fewer mistakes today because I slowed down and used the same paths as before. The app is familiar, but this part still felt heavier than it should.",2026-05-25T11:23
WA008,Ethan Brooks,ethan.brooks@example.com,NEGATIVE,true,"Day 7: Today the basic messaging worked, but the surrounding controls got in my way. I was using group chat during a lunch break. The app felt a little slow when I jumped between a media-heavy group and a call. I felt less lost than earlier because I now remember the main places to check. I left the app feeling like I had managed it rather than enjoyed it.",2026-05-26T11:32
WA008,Ethan Brooks,ethan.brooks@example.com,NEUTRAL,false,"Day 8: I was trying to reply quickly and it took more effort than I expected. This happened while checking WhatsApp at home in the evening. A quick one-to-one reply worked exactly as expected and I was done in under a minute. After using it for several days, the menus are starting to feel more predictable. Overall, it helped me finish the communication task quickly.",2026-05-27T11:41
WA008,Ethan Brooks,ethan.brooks@example.com,NEGATIVE,true,"Day 9: I used WhatsApp in the middle of a normal busy day and felt a bit drained by it. I used the voice note area after getting several messages close together. I knew what I wanted to do, but the screen felt crowded. I am still not a power user, but I am more comfortable moving around the app. It worked in the end, just not as smoothly as I expected.",2026-05-28T11:50
WA008,Ethan Brooks,ethan.brooks@example.com,NEUTRAL,false,"Day 10: I had one meaningful interaction today where I noticed both good and annoying parts. The interaction was about media sharing, not the message content itself. The voice note flow felt natural today, especially because I could respond while walking. The learning curve is getting better, mostly because I know where the common options live. That made the app feel dependable today.",2026-05-29T11:59
WA008,Ethan Brooks,ethan.brooks@example.com,NEUTRAL,true,"Day 11: I am starting to know where things are, so the app felt easier than earlier in the study. I opened WhatsApp for a normal daily communication task involving search. There was a short lag that made me tap twice, then I had to undo myself. I noticed fewer mistakes today because I slowed down and used the same paths as before. The experience is improving compared with the first few days, even though some parts still need clearer labels. I left the app feeling like I had managed it rather than enjoyed it.",2026-05-30T12:08
WA008,Ethan Brooks,ethan.brooks@example.com,POSITIVE,false,"Day 12: I used WhatsApp a few times today and paid attention to what felt smooth or awkward. I was using privacy settings during a lunch break. The privacy setting I checked was clear enough once I was in the right section. I felt less lost than earlier because I now remember the main places to check. The experience is improving compared with the first few days, even though some parts still need clearer labels. Overall, it helped me finish the communication task quickly.",2026-05-31T12:17
WA008,Ethan Brooks,ethan.brooks@example.com,POSITIVE,false,"Day 13: Today was a pretty normal day with the app, mostly messages and checking a group. This happened while checking WhatsApp at home in the evening. Notifications were manageable today because I had already muted the noisy chats. After using it for several days, the menus are starting to feel more predictable. The experience is improving compared with the first few days, even though some parts still need clearer labels. I ended the interaction feeling calm because nothing got in the way.",2026-06-01T12:26
WA008,Ethan Brooks,ethan.brooks@example.com,POSITIVE,false,"Day 14: I had one meaningful interaction today where I noticed both good and annoying parts. I used the status update area after getting several messages close together. A WhatsApp call connected quickly and I did not have to think about the controls. I am still not a power user, but I am more comfortable moving around the app. The experience is improving compared with the first few days, even though some parts still need clearer labels. That made the app feel dependable today.",2026-06-02T12:35
WA009,Nadia Silva,nadia.silva@example.com,POSITIVE,false,"Day 1: The app felt familiar today, especially for quick replies and checking updates. I was using pinned chats during a lunch break. The voice note flow felt natural today, especially because I could respond while walking. That made the app feel dependable today.",2026-05-20T10:55
WA009,Nadia Silva,nadia.silva@example.com,POSITIVE,false,"Day 2: I noticed I was more comfortable today and moved around the app faster. This happened while checking WhatsApp at home in the evening. Search inside one chat helped me find a detail without scrolling forever. It was not exciting, but it was efficient, which is what I want from WhatsApp.",2026-05-21T11:04
WA009,Nadia Silva,nadia.silva@example.com,POSITIVE,false,"Day 3: WhatsApp felt easy today because I could finish what I needed without thinking much. I used the calls area after getting several messages close together. The privacy setting I checked was clear enough once I was in the right section. Overall, it helped me finish the communication task quickly.",2026-05-22T11:13
WA009,Nadia Silva,nadia.silva@example.com,POSITIVE,false,"Day 4: I had a smooth interaction today and the app mostly stayed out of the way. The interaction was about communities, not the message content itself. Notifications were manageable today because I had already muted the noisy chats. I ended the interaction feeling calm because nothing got in the way.",2026-05-23T11:22
WA009,Nadia Silva,nadia.silva@example.com,NEUTRAL,true,"Day 5: The app felt familiar today, especially for quick replies and checking updates. I opened WhatsApp for a normal daily communication task involving one-to-one chat. It was a small hiccup, not a major problem. The app is familiar, but this part still felt heavier than it should.",2026-05-24T11:31
WA009,Nadia Silva,nadia.silva@example.com,POSITIVE,false,"Day 6: I noticed I was more comfortable today and moved around the app faster. I was using group chat during a lunch break. Pinned chats made it easier to keep the important conversations near the top. I felt less lost than earlier because I now remember the main places to check. It was not exciting, but it was efficient, which is what I want from WhatsApp.",2026-05-25T11:40
WA009,Nadia Silva,nadia.silva@example.com,POSITIVE,false,"Day 7: WhatsApp felt easy today because I could finish what I needed without thinking much. This happened while checking WhatsApp at home in the evening. A quick one-to-one reply worked exactly as expected and I was done in under a minute. After using it for several days, the menus are starting to feel more predictable. Overall, it helped me finish the communication task quickly.",2026-05-26T11:49
WA009,Nadia Silva,nadia.silva@example.com,NEUTRAL,true,"Day 8: I had a smooth interaction today and the app mostly stayed out of the way. I used the voice note area after getting several messages close together. It was a small hiccup, not a major problem. I am still not a power user, but I am more comfortable moving around the app. It worked in the end, just not as smoothly as I expected.",2026-05-27T11:58
WA009,Nadia Silva,nadia.silva@example.com,POSITIVE,false,"Day 9: The app felt familiar today, especially for quick replies and checking updates. The interaction was about media sharing, not the message content itself. The voice note flow felt natural today, especially because I could respond while walking. The learning curve is getting better, mostly because I know where the common options live. That made the app feel dependable today.",2026-05-28T12:07
WA009,Nadia Silva,nadia.silva@example.com,VERY_POSITIVE,false,"Day 10: I noticed I was more comfortable today and moved around the app faster. I opened WhatsApp for a normal daily communication task involving search. Search inside one chat helped me find a detail without scrolling forever. I noticed fewer mistakes today because I slowed down and used the same paths as before. It was not exciting, but it was efficient, which is what I want from WhatsApp.",2026-05-29T12:16
WA009,Nadia Silva,nadia.silva@example.com,VERY_POSITIVE,false,"Day 11: WhatsApp felt easy today because I could finish what I needed without thinking much. I was using privacy settings during a lunch break. The privacy setting I checked was clear enough once I was in the right section. I felt less lost than earlier because I now remember the main places to check. Overall, it helped me finish the communication task quickly.",2026-05-30T12:25
WA009,Nadia Silva,nadia.silva@example.com,VERY_POSITIVE,false,"Day 12: I had a smooth interaction today and the app mostly stayed out of the way. This happened while checking WhatsApp at home in the evening. Notifications were manageable today because I had already muted the noisy chats. After using it for several days, the menus are starting to feel more predictable. I ended the interaction feeling calm because nothing got in the way.",2026-05-31T12:34
WA009,Nadia Silva,nadia.silva@example.com,VERY_POSITIVE,false,"Day 13: The app felt familiar today, especially for quick replies and checking updates. I used the status update area after getting several messages close together. A WhatsApp call connected quickly and I did not have to think about the controls. I am still not a power user, but I am more comfortable moving around the app. That made the app feel dependable today.",2026-06-01T12:43
WA009,Nadia Silva,nadia.silva@example.com,VERY_POSITIVE,false,"Day 14: I noticed I was more comfortable today and moved around the app faster. The interaction was about message forwarding, not the message content itself. Pinned chats made it easier to keep the important conversations near the top. The learning curve is getting better, mostly because I know where the common options live. It was not exciting, but it was efficient, which is what I want from WhatsApp.",2026-06-02T12:52
WA010,Miguel Alvarez,miguel.alvarez@example.com,POSITIVE,false,"Day 1: The app felt familiar today, especially for quick replies and checking updates. This happened while checking WhatsApp at home in the evening. Sharing a photo was straightforward and the preview helped me feel confident before sending. I ended the interaction feeling calm because nothing got in the way.",2026-05-20T11:12
WA010,Miguel Alvarez,miguel.alvarez@example.com,POSITIVE,false,"Day 2: I noticed I was more comfortable today and moved around the app faster. I used the calls area after getting several messages close together. The voice note flow felt natural today, especially because I could respond while walking. That made the app feel dependable today.",2026-05-21T11:21
WA010,Miguel Alvarez,miguel.alvarez@example.com,POSITIVE,false,"Day 3: WhatsApp felt easy today because I could finish what I needed without thinking much. The interaction was about communities, not the message content itself. Search inside one chat helped me find a detail without scrolling forever. It was not exciting, but it was efficient, which is what I want from WhatsApp.",2026-05-22T11:30
WA010,Miguel Alvarez,miguel.alvarez@example.com,POSITIVE,false,"Day 4: I had a smooth interaction today and the app mostly stayed out of the way. I opened WhatsApp for a normal daily communication task involving one-to-one chat. The privacy setting I checked was clear enough once I was in the right section. Overall, it helped me finish the communication task quickly.",2026-05-23T11:39
WA010,Miguel Alvarez,miguel.alvarez@example.com,NEUTRAL,true,"Day 5: The app felt familiar today, especially for quick replies and checking updates. I was using group chat during a lunch break. It was manageable and I felt better after freeing space. It worked in the end, just not as smoothly as I expected.",2026-05-24T11:48
WA010,Miguel Alvarez,miguel.alvarez@example.com,POSITIVE,false,"Day 6: I noticed I was more comfortable today and moved around the app faster. This happened while checking WhatsApp at home in the evening. A WhatsApp call connected quickly and I did not have to think about the controls. After using it for several days, the menus are starting to feel more predictable. That made the app feel dependable today.",2026-05-25T11:57
WA010,Miguel Alvarez,miguel.alvarez@example.com,POSITIVE,false,"Day 7: WhatsApp felt easy today because I could finish what I needed without thinking much. I used the voice note area after getting several messages close together. Pinned chats made it easier to keep the important conversations near the top. I am still not a power user, but I am more comfortable moving around the app. It was not exciting, but it was efficient, which is what I want from WhatsApp.",2026-05-26T12:06
WA010,Miguel Alvarez,miguel.alvarez@example.com,NEUTRAL,true,"Day 8: I had a smooth interaction today and the app mostly stayed out of the way. The interaction was about media sharing, not the message content itself. It was manageable and I felt better after freeing space. The learning curve is getting better, mostly because I know where the common options live. I finished the task, but I felt annoyed by the extra mental effort.",2026-05-27T12:15
WA010,Miguel Alvarez,miguel.alvarez@example.com,POSITIVE,false,"Day 9: The app felt familiar today, especially for quick replies and checking updates. I opened WhatsApp for a normal daily communication task involving search. Sharing a photo was straightforward and the preview helped me feel confident before sending. I noticed fewer mistakes today because I slowed down and used the same paths as before. I ended the interaction feeling calm because nothing got in the way.",2026-05-28T12:24
WA010,Miguel Alvarez,miguel.alvarez@example.com,VERY_POSITIVE,false,"Day 10: I noticed I was more comfortable today and moved around the app faster. I was using privacy settings during a lunch break. The voice note flow felt natural today, especially because I could respond while walking. I felt less lost than earlier because I now remember the main places to check. That made the app feel dependable today.",2026-05-29T12:33
WA010,Miguel Alvarez,miguel.alvarez@example.com,VERY_POSITIVE,false,"Day 11: WhatsApp felt easy today because I could finish what I needed without thinking much. This happened while checking WhatsApp at home in the evening. Search inside one chat helped me find a detail without scrolling forever. After using it for several days, the menus are starting to feel more predictable. It was not exciting, but it was efficient, which is what I want from WhatsApp.",2026-05-30T12:42
WA010,Miguel Alvarez,miguel.alvarez@example.com,VERY_POSITIVE,false,"Day 12: I had a smooth interaction today and the app mostly stayed out of the way. I used the status update area after getting several messages close together. The privacy setting I checked was clear enough once I was in the right section. I am still not a power user, but I am more comfortable moving around the app. Overall, it helped me finish the communication task quickly.",2026-05-31T12:51
WA010,Miguel Alvarez,miguel.alvarez@example.com,VERY_POSITIVE,false,"Day 13: The app felt familiar today, especially for quick replies and checking updates. The interaction was about message forwarding, not the message content itself. Notifications were manageable today because I had already muted the noisy chats. The learning curve is getting better, mostly because I know where the common options live. I ended the interaction feeling calm because nothing got in the way.",2026-06-01T13:00
WA010,Miguel Alvarez,miguel.alvarez@example.com,VERY_POSITIVE,false,Day 14: I noticed I was more comfortable today and moved around the app faster. I opened WhatsApp for a normal daily communication task involving pinned chats. A WhatsApp call connected quickly and I did not have to think about the controls. I noticed fewer mistakes today because I slowed down and used the same paths as before. That made the app feel dependable today.,2026-06-02T13:09
